Name,AUID,Coords,Const,Type,Period,Mag,Revised
"MaCoMP_V17","000-BPJ-616","02 21 45.96 +42 00 54.8","And","DSCT","0.194018","12.41 - 12.46 V","2022-05-12 23:28 UTC"
"Sur-MC-11","000-BPQ-847","18 59 42.86 +05 10 45.2","Aql","EW","0.266142","15.98 - 16.07 r","2023-08-11 03:16 UTC"
"GSC 01223-00537","000-BPT-600","02 42 15.61 +16 27 48.8","Ari","EA","4.52845","12.82 (0.06)TESS V","2023-12-21 18:29 UTC"
"2MASS J05175981+3434259","000-BPR-905","05 17 59.81 +34 34 26.0","Aur","EA","4.392014","15.85 - 16.42 r","2023-10-18 19:19 UTC"
"2MASS J05592237+4823439","000-BPR-474","05 59 22.37 +48 23 43.7","Aur","EA","5.3747","15.47 - 15.66 r","2023-10-02 18:35 UTC"
"2MASS J06133845+3227141","000-BPQ-923","06 13 38.45 +32 27 14.0","Aur","BY","--","16.39 - 16.55 r","2023-08-17 18:35 UTC"
"Gaia DR3 182284463654319616","000-BPR-776","05 15 26.00 +34 45 19.5","Aur","DSCT","0.098807","15.40 - 15.48 r","2023-10-11 19:45 UTC"
"Gaia DR3 3454100527232313472","000-BPR-435","06 09 14.55 +37 34 46.4","Aur","EW","0.386869","16.74 - 16.86 r","2023-09-14 06:44 UTC"
"GUNVAG_V1","000-BNJ-506","05 12 27.25 +33 34 49.8","Aur","ELL","0.358:","13.89 - 13.96 V","2020-10-09 18:09 UTC"
"GUNVAG_V11","000-BPC-505","05 14 16.76 +33 25 14.0","Aur","EA","1.82892","16.08 - 16.48 r","2021-08-31 23:04 UTC"
"GUNVAG_V12","000-BPD-032","05 12 48.91 +33 24 06.3","Aur","EW","0.308092","16.53 - 16.63 r","2021-09-16 22:40 UTC"
"GUNVAG_V2","000-BNL-076","05 13 21.03 +33 32 00.4","Aur","EA","0.414","17.9 - 19.5 V","2020-10-09 18:09 UTC"
"GUNVAG_V3","000-BNR-447","05 13 56.16 +33 33 36.2","Aur","EW","0.390","16.5 - 17.0 CV","2020-10-09 18:48 UTC"
"Sur-MC-12","000-BPQ-882","05 43 49.92 +36 02 29.3","Aur","E","0.747493","15.89 - 15.95 r","2023-08-16 14:00 UTC"
"Sur-MC-13","000-BPR-041","06 02 11.03 +39 30 24.4","Aur","DSCT","0.114215","15.72 - 15.77 r","2023-08-22 14:36 UTC"
"Sur-MC-14","000-BPR-241","05 18 39.77 +39 50 15.6","Aur","EW","0.249717","16.00 - 16.14 r","2023-08-31 06:18 UTC"
"Sur-MC-15","000-BPR-244","05 18 38.19 +40 06 47.3","Aur","EW","0.269068","15.77 - 15.83 r","2023-09-01 23:06 UTC"
"Sur-MC-16","000-BPR-309","05 56 13.95 +32 14 20.6","Aur","DSCT","0.080683","14.98 - 15.02 r","2023-09-04 19:28 UTC"
"Sur-MC-17","000-BPR-361","06 04 53.47 +31 31 41.6","Aur","DSCT","0.106982","15.15 - 15.20 r","2023-09-08 23:08 UTC"
"Sur-MC-18","000-BPR-416","06 07 24.99 +32 29 11.4","Aur","EW","0.30976","16.54 - 16.64 r","2023-09-13 15:54 UTC"
"Sur-MC-19","000-BPR-423","06 13 08.12 +32 18 35.0","Aur","DSCT","0.132275","14.73 - 14.78 r","2023-09-13 16:21 UTC"
"Sur-MC-2","000-BPM-336","05 23 49.56 +32 31 26.0","Aur","DSCT","0.093808","15.58 - 15.64 r","2022-11-16 20:42 UTC"
"Sur-MC-20","000-BPR-521","06 22 14.87 +33 38 15.0","Aur","EW","0.28877","17.05 - 17.18 r","2023-09-18 18:53 UTC"
"Sur-MC-21","000-BPR-591","05 59 56.33 +39 11 06.7","Aur","BY","4.769984","16.27 - 16.62 r","2023-09-26 15:11 UTC"
"Sur-MC-22","000-BPR-597","05 47 37.65 +33 22 01.1","Aur","DSCT","0.102183","16.79 - 16.87 r","2023-09-27 18:03 UTC"
"Sur-MC-23","000-BPR-603","05 47 49.17 +33 24 02.9","Aur","EW","0.426244","17.80 - 18.00 r","2023-09-27 23:15 UTC"
"Sur-MC-24","000-BPR-610","06 22 22.61 +36 35 17.2","Aur","RS:","19.97","15.47 - 16.01 r","2023-09-28 20:11 UTC"
"Sur-MC-25","000-BPR-626","05 27 08.51 +38 22 48.9","Aur","DSCT","0.081439","16.01 - 16.08 r","2023-10-02 18:35 UTC"
"Sur-MC-26","000-BPR-627","05 25 56.76 +38 25 36.7","Aur","DSCT","0.130465","15.79 - 15.87 r","2023-10-02 18:35 UTC"
"Sur-MC-27","000-BPR-722","06 02 23.41 +36 07 19.2","Aur","DSCT","0.116653","15.74 - 15.78 r","2023-10-09 03:45 UTC"
"Sur-MC-28","000-BPR-775","06 14 08.56 +31 39 08.4","Aur","DSCT","0.102316","14.75 - 14.79 r","2023-10-11 14:09 UTC"
"2MASS J04180720+5858345","000-BPR-979","04 18 07.22 +58 58 34.3","Cam","EA","2.39815","14.61 - 14.75 r","2023-10-25 14:17 UTC"
"MaCoMP_V7","000-BPJ-061","13 41 54.84 +28 12 28.6","CVn","DSCT","0.051891","17.60 - 17.80 r","2022-04-19 21:09 UTC"
"HD 55170","000-BBM-653","07 11 01.55 -19 48 00.6","CMa","EA+ROT","4.41118","8.65 - 8.72 V","2025-06-13 20:01 UTC"
"2MASS J02444602+6025308","000-BPR-780","02 44 46.03 +60 25 30.9","Cas","EA","5.168217","15.09 - 15.44 V","2023-10-11 23:31 UTC"
"ATO J012.7322+56.7171","000-BNR-875","00 50 55.75 +56 43 01.9","Cas","EW","0.358049","15.12 (0.14)clear V","2020-10-28 02:53 UTC"
"GUNVAG_V10","000-BNV-272","00 50 50.87 +56 41 37.3","Cas","EW","0.684","16.48 (0.11)clear V","2021-01-26 22:56 UTC"
"GUNVAG_V4","000-BNR-805","00 51 10.19 +56 59 33.6","Cas","DSCT","0.131","13.1 (0.06)clear V","2020-10-23 06:42 UTC"
"GUNVAG_V5","000-BNR-897","00 51 38.22 +57 06 07.6","Cas","EB:","0.350516","15.36 (0.14)clear V","2020-10-29 19:22 UTC"
"GUNVAG_V6","000-BNR-985","00 51 41.99 +56 55 07.2","Cas","DSCT","0.093","16.16 (0.08)clear V","2020-11-05 01:33 UTC"
"GUNVAG_V7","000-BNS-476","00 51 03.17 +56 40 26.5","Cas","EW","0.519","17.16 (0.21)clear V","2020-11-28 05:03 UTC"
"GUNVAG_V8","000-BNS-566","00 51 27.92 +56 38 52.5","Cas","ELL","0.674","15.80 (0.05)clear V","2020-12-04 00:34 UTC"
"GUNVAG_V9","000-BNV-266","00 50 30.13 +56 43 36.1","Cas","EB","0.659194","17.45 (0.6)clear V","2021-01-26 18:48 UTC"
"MaCoMP_V8","000-BPJ-109","00 52 10.23 +56 11 20.3","Cas","DSCT","0.1652228","15.19 - 15.24 r","2022-04-21 21:34 UTC"
"MaCoMP_V9","000-BPJ-131","00 53 42.24 +56 54 19.5","Cas","EB","1.02078","16.35 - 16.44 r","2022-04-23 21:08 UTC"
"TYC 7302-850-1","000-BQF-869","14 52 51.26 -32 33 44.6","Cen","EA","2.853145","10.76 (0.037)TESS V","2025-07-15 18:26 UTC"
"Gaia DR3 2007475208885143296","000-BPR-330","22 49 55.78 +58 39 09.4","Cep","ELL","0.826744","13.94 - 13.97 r","2023-09-08 13:48 UTC"
"HD 215286","000-BPM-692","22 42 55.06 +58 25 35.6","Cep","SPB","0.354","8.08 (0.003)TESS V","2022-12-07 21:01 UTC"
"MaCoMP_V1","000-BPG-688","22 49 05.49 +57 52 41.6","Cep","SRS","24.751","15.23 - 15.35 V","2022-06-06 18:17 UTC"
"MaCoMP_V10","000-BPJ-172","21 34 47.75 +57 24 39.7","Cep","ELL","0.94215","14.79 - 14.83 r","2022-04-27 05:11 UTC"
"MaCoMP_V11","000-BPJ-264","21 37 12.81 +57 46 02.4","Cep","EW","0.237108","17.52 - 18.22 r","2022-05-02 19:32 UTC"
"MaCoMP_V12","000-BPJ-265","21 35 49.12 +57 55 52.9","Cep","HADS","0.1950165","16.75 - 16.94 r","2022-05-02 19:35 UTC"
"MaCoMP_V13","000-BPJ-272","21 36 04.10 +57 47 51.0","Cep","ELL","0.93944","15.97 - 16.03 r","2022-05-03 20:11 UTC"
"MaCoMP_V14","000-BPJ-309","21 38 02.37 +57 42 46.4","Cep","EW","0.24964","16.00 - 16.09 r","2022-05-05 15:25 UTC"
"MaCoMP_V2","000-BPH-764","20 31 40.25 +60 18 25.1","Cep","EB","1.838331646","13.46 - 13.63 r","2022-08-11 20:50 UTC"
"Sur-MC-4","000-BPM-499","21 37 31.20 +58 16 29.1","Cep","EW","0.348048","16.13 - 16.26 r","2022-11-25 20:30 UTC"
"Sur-MC-5","000-BPM-504","21 42 16.83 +58 31 11.7","Cep","DSCT","0.055618","15.22 - 15.30 r","2022-11-25 23:01 UTC"
"MaCoMP_V3","000-BPH-774","20 37 06.99 +60 24 27.2","Cyg","EW","0.29549","15.53 - 15.61 r","2022-03-24 08:34 UTC"
"Sur-MC-10","000-BPN-416","20 05 05.42 +39 49 41.1","Cyg","EW","0.348335","15.54 - 15.61 r","2023-01-30 18:00 UTC"
"Sur-MC-9","000-BPN-415","20 27 17.47 +39 40 13.4","Cyg","EW:","0.37653","15.68 - 15.76 r","2023-01-30 14:49 UTC"
"WISE J215219.6+471351","--","21 52 19.62 +47 13 51.5","Cyg","EW","0.5826813","16.00 - 16.42 g","2021-10-26 10:07 UTC"
"TOI-6883A","000-BPV-893","20 41 10.07 +03 38 19.2","Del","EP","16.24921","9.59 (0.013)TESS V","2025-10-07 06:59 UTC"
"ATO J104.5776+21.9004","000-BPC-456","06 58 18.64 +21 54 01.7","Gem","DSCT","0.04133507","15.87 - 15.93 r","2021-08-28 17:28 UTC"
"CoMo-RtUAI_V1","000-BNX-714","06 59 15.41 +21 33 25.3","Gem","EW","0.27939","17.48 - 17.80 r","2021-03-24 20:37 UTC"
"EPIC 202126853","--","06 58 48.78 +19 11 34.9","Gem","EA","21.17084","11.700 (0.016) Kp","2024-12-02 15:48 UTC"
"Gaia DR3 3377425461098705408","000-BPK-159","06 19 48.46 +22 53 24.2","Gem","DSCT","0.057121","13.92 - 13.96 r","2022-06-23 21:27 UTC"
"Sur-MC-7","000-BPM-759","06 50 23.43 +22 41 55.3","Gem","EW","0.253527","15.02 - 15.11 r","2022-12-16 05:07 UTC"
"Sur-MC-1","000-BPM-316","18 43 52.96 +16 06 50.8","Her","EW","0.455536","16.01 - 16.08 r","2022-11-15 03:10 UTC"
"1SWASP J144252.26-281517.6","000-BQC-177","14 42 52.26 -28 15 17.6","Hya","ROT+DSCT","1.00442","10.60 (0.046)TESS V","2025-01-21 15:44 UTC"
"Sur-MC-6","000-BPM-734","22 36 50.50 +56 31 42.3","Lac","DSCT","0.084453","13.75 - 13.79 r","2022-12-13 06:00 UTC"
"2MASS J06590647+4608243","000-BPR-639","06 59 06.48 +46 08 24.5","Lyn","EA","0.809243","14.86 - 15.02 r","2023-10-04 13:53 UTC"
"MaCoMP_V20","000-BPM-080","18 51 59.55 +33 02 27.3","Lyr","EB","0.368116","17.02 - 17.21 r","2022-11-08 21:57 UTC"
"TIC 394546184","000-BPT-014","19 23 39.63 +32 47 25.9","Lyr","EP","10.0661","10.836 (0.031) TESS","2023-11-27 13:30 UTC"
"ATO J098.2845+04.6312","000-BPN-108","06 33 08.30 +04 37 52.4","Mon","TTS/ROT","5.123","15.7 - 16.0 r","2023-01-06 22:50 UTC"
"MaCoMP_V15","000-BPJ-314","06 36 01.99 +05 33 56.3","Mon","EB","0.7099","16.17 - 16.36 r","2022-05-06 17:15 UTC"
"Sur-MC-8","000-BPN-364","06 46 07.68 -04 09 07.1","Mon","BCEP|DSCT:","0.088996","16.13 - 16.18 r","2023-01-24 06:23 UTC"
"TIC 234773935","000-BPN-199","06 30 00.05 +04 36 11.2","Mon","ELL","2.278","10.14 (0.007)TESS V","2023-01-12 16:15 UTC"
"CPD-48 8574","000-BPR-919","16 34 05.03 -48 56 22.5","Nor","EB","3.756045","11.21 - 11.28 V","2023-10-20 22:06 UTC"
"MaCoMP_V4","000-BPH-811","01 35 23.37 +15 35 45.6","Psc","ELL","0.973454","14.10 - 14.15 r","2022-03-29 13:16 UTC"
"MaCoMP_V18","000-BPK-984","18 20 05.44 -16 16 12.9","Sgr","EW","0.274153","16.55 - 16.69 r","2022-08-22 15:55 UTC"
"MaCoMP_V19","000-BPL-886","18 24 29.56 -16 08 39.4","Sgr","EW","0.2326346","16.06 - 16.14 r","2022-11-04 22:29 UTC"
"2MASS J18240455-1517025","000-BPS-042","18 24 04.55 -15 17 02.6","Sct","EA","4.422091","16.49 - 17.6 r","2023-10-31 04:56 UTC"
"MaCoMP_V5","000-BPH-828","18 20 05.48 -13 57 11.8","Ser","EW","0.28652","15.96 - 16.10 r","2022-03-31 08:20 UTC"
"MaCoMP_V6","000-BPH-829","18 19 35.81 -13 26 02.1","Ser","DSCT","0.15797557","13.13 - 13.22 V","2022-03-31 08:22 UTC"
"2MASS J05472995+2820322","000-BPR-608","05 47 29.95 +28 20 32.2","Tau","EA","3.444754","15.34 - 15.69 r","2023-09-28 18:52 UTC"
"MaCoMP_V16","000-BPJ-451","03 43 33.10 +23 33 34.0","Tau","EW","0.33253","16.52 - 16.63 r","2022-05-10 14:22 UTC"
"Sur-MC-3","000-BPM-479","05 27 00.05 +23 02 05.2","Tau","EW","0.314784","16.55 - 16.69 r","2022-11-24 19:21 UTC"
"WISEA J021422.71+345421.6","000-BQB-315","02 14 22.70 +34 54 22.6","Tri","EA","8.26292","8.93 - 9.19 V","2024-12-05 15:48 UTC"
"SN 2023ixf","000-BPQ-019","14 03 38.58 +54 18 42.1","UMa","SN II-L","--","11.0 - <22 V","2023-07-17 14:15 UTC"
"17 Vul","000-BPL-808","20 06 53.41 +23 36 51.9","Vul","BCEP","0.386972","5.07 (0.011)TESS V","2022-11-03 15:14 UTC"
"HD 345723","000-BPM-696","20 06 51.33 +22 39 51.7","Vul","RS","0.8039","9.76 (0.006)TESS V","2022-12-07 22:05 UTC"
"MaGiV-1","000-BPL-108","19 52 19.13 +23 29 59.7","Vul","ELL+ELL:","4.27","10.22 (0.007)TESS V","2023-02-17 20:54 UTC"